{"cameraMode":{"drawMode":0,"name":"Shaded","section":"Shading Mode"},"sceneLighting":true,"audioPlay":false,"sceneViewState":{"m_AlwaysRefresh":false,"showFog":true,"showSkybox":true,"showFlares":true,"showImageEffects":true,"showParticleSystems":true,"showVisualEffectGraphs":true,"m_FxEnabled":true},"in2DMode":false,"pivot":{"x":-13.291925430297852,"y":-17.605789184570314,"z":-8.783052444458008},"rotation":{"x":-0.16555790603160859,"y":0.8341336846351624,"z":-0.35938358306884768,"w":-0.38427138328552248},"size":29.562440872192384,"orthographic":false}