{"cameraMode":{"drawMode":0,"name":"Shaded","section":"Shading Mode"},"sceneLighting":true,"audioPlay":false,"sceneViewState":{"m_AlwaysRefresh":false,"showFog":true,"showSkybox":true,"showFlares":true,"showImageEffects":true,"showParticleSystems":true,"showVisualEffectGraphs":true,"m_FxEnabled":true},"in2DMode":false,"pivot":{"x":-12.57983112335205,"y":-6.133512496948242,"z":4.6864519119262699},"rotation":{"x":-0.44981005787849429,"y":-0.031729087233543399,"z":0.016868511214852334,"w":-0.8926128149032593},"size":9.570466995239258,"orthographic":false}