{"cameraMode":{"drawMode":0,"name":"Shaded","section":"Shading Mode"},"sceneLighting":true,"audioPlay":false,"sceneViewState":{"m_AlwaysRefresh":false,"showFog":true,"showSkybox":true,"showFlares":true,"showImageEffects":true,"showParticleSystems":true,"showVisualEffectGraphs":true,"m_FxEnabled":true},"in2DMode":false,"pivot":{"x":-56.232120513916019,"y":-12.554893493652344,"z":50.981075286865237},"rotation":{"x":0.25628629326820376,"y":-0.06663291156291962,"z":0.017714370042085649,"w":0.9641350507736206},"size":34.06975173950195,"orthographic":false}