{"cameraMode":{"drawMode":0,"name":"Shaded","section":"Shading Mode"},"sceneLighting":true,"audioPlay":false,"sceneViewState":{"m_AlwaysRefresh":false,"showFog":true,"showSkybox":true,"showFlares":true,"showImageEffects":true,"showParticleSystems":true,"showVisualEffectGraphs":true,"m_FxEnabled":true},"in2DMode":false,"pivot":{"x":3.110572099685669,"y":-1.1674327850341797,"z":50.860023498535159},"rotation":{"x":0.3970501720905304,"y":0.018535086885094644,"z":-0.007835425436496735,"w":0.9177523851394653},"size":24.208105087280275,"orthographic":false}