{"cameraMode":{"drawMode":0,"name":"Shaded","section":"Shading Mode"},"sceneLighting":true,"audioPlay":false,"sceneViewState":{"m_AlwaysRefresh":false,"showFog":true,"showSkybox":true,"showFlares":true,"showImageEffects":true,"showParticleSystems":true,"showVisualEffectGraphs":true,"m_FxEnabled":true},"in2DMode":false,"pivot":{"x":1.2722688913345338,"y":7.253690242767334,"z":-0.17454807460308076},"rotation":{"x":-0.36785832047462466,"y":-0.022258946672081949,"z":0.00884875375777483,"w":-0.9295985102653503},"size":0.36497828364372256,"orthographic":false}