{"cameraMode":{"drawMode":0,"name":"Shaded","section":"Shading Mode"},"sceneLighting":true,"audioPlay":false,"sceneViewState":{"m_AlwaysRefresh":false,"showFog":true,"showSkybox":true,"showFlares":true,"showImageEffects":true,"showParticleSystems":true,"showVisualEffectGraphs":true,"m_FxEnabled":true},"in2DMode":false,"pivot":{"x":1.8325309753417969,"y":0.7234911322593689,"z":-2.9022417068481447},"rotation":{"x":-0.44605138897895815,"y":0.003245685249567032,"z":-0.0015840032137930394,"w":-0.8950965404510498},"size":11.926543235778809,"orthographic":false}