{"cameraMode":{"drawMode":0,"name":"Shaded","section":"Shading Mode"},"sceneLighting":true,"audioPlay":false,"sceneViewState":{"m_AlwaysRefresh":false,"showFog":true,"showSkybox":true,"showFlares":true,"showImageEffects":true,"showParticleSystems":true,"showVisualEffectGraphs":true,"m_FxEnabled":true},"in2DMode":false,"pivot":{"x":-1.7321665287017823,"y":3.812113046646118,"z":-3.2367026805877687},"rotation":{"x":-0.30155593156814577,"y":-0.39140021800994875,"z":0.13750477135181428,"w":-0.8584843277931213},"size":0.36497828364372256,"orthographic":false}